images,url,Price,Product Title,categories
https://ae01.alicdn.com/kf/H8b5bec89ce0a45f1a7e972db5133749dG/Custom-Neon-Lights-LED-Name-Shop-Logo-Lamp-Store-Club-Game-Room-Wall-Home-Decor-Birthday.jpg_220x220xz.jpg,//ae01.alicdn.com/kf/H8b5bec89ce0a45f1a7e972db5133749dG/Custom-Neon-Lights-LED-Name-Shop-Logo-Lamp-Store-Club-Game-Room-Wall-Home-Decor-Birthday.jpg_220x220xz.jpg,915.51,Lampe LED au néon personnalisée avec Logo de magasin. lampe de magasin. Club. salle de jeu. décor mural de maison. fête d'anniversaire. Restaurant. fleur. plaque frontale,forniture
https://ae01.alicdn.com/kf/Sa9b639b715f54397b1e6b4d8f96bdb9dA/MODERN-Simulation-Flame-Night-Lights-with-180ML-Water-Tank-Humidifier-Suitable-for-Bedroom-Room-Office-Atmosphere.jpg_220x220xz.jpg,//ae01.alicdn.com/kf/Sa9b639b715f54397b1e6b4d8f96bdb9dA/MODERN-Simulation-Flame-Night-Lights-with-180ML-Water-Tank-Humidifier-Suitable-for-Bedroom-Room-Office-Atmosphere.jpg_220x220xz.jpg,221.2,Lampe LED avec Simulation de flamme moderne. humidificateur d'eau de 180ML. convient pour chambre à coucher. bureau. atmosphère,forniture
https://ae01.alicdn.com/kf/H9a769b1922d64c3bb0591a5116dc8eaff/Modern-LED-Night-Lamp-Quantum-LED-Night-Light-Modular-Touch-Sensitive-Magnetic-Festival-Gift-DIY-Decor.jpg_220x220xz.jpg,//ae01.alicdn.com/kf/H9a769b1922d64c3bb0591a5116dc8eaff/Modern-LED-Night-Lamp-Quantum-LED-Night-Light-Modular-Touch-Sensitive-Magnetic-Festival-Gift-DIY-Decor.jpg_220x220xz.jpg,487.93,Lampe LED tactile quantique moderne. luminaire décoratif d'intérieur modulaire. idéal pour une chambre à coucher. comme cadeau de Festival,forniture
https://ae01.alicdn.com/kf/S2801e6a79e134d95b8767b7ba5fb1e1fz/3D-Hourglass-LED-Lamp-Quicksand-Moving-Sand-Art-Sand-Scene-Dynamic-Living-Room-Decoration-Accessories-Modern.jpg_220x220xz.jpg,//ae01.alicdn.com/kf/S2801e6a79e134d95b8767b7ba5fb1e1fz/3D-Hourglass-LED-Lamp-Quicksand-Moving-Sand-Art-Sand-Scene-Dynamic-Living-Room-Decoration-Accessories-Modern.jpg_220x220xz.jpg,301.72,Lampe LED 3D sablier avec sable mouvant. scène de sable artistique dynamique. accessoires de décoration pour salon. cadeau de décoration moderne pour la maison,forniture
https://ae01.alicdn.com/kf/S8dfe30e0707348a19ae027a7ff71c889N/M6-Pocket-Mini-PC-11th-Gen-Pentium-N6000-Celeron-N5105-DDR4-2933MHz-NVMe-Portable-Computer-2500M.jpg_220x220xz.jpg,//ae01.alicdn.com/kf/S8dfe30e0707348a19ae027a7ff71c889N/M6-Pocket-Mini-PC-11th-Gen-Pentium-N6000-Celeron-N5105-DDR4-2933MHz-NVMe-Portable-Computer-2500M.jpg_220x220xz.jpg,1760.94,Mini PC Portable M6 Pocket. Pentium N6000. Celeron N5105. 11e Gen. DDR4. 2933MHz. NVMe. LAN 2500M. hdmi 2.0. 4K @ 60Hz. WiFi6. BT5.2,forniture
https://ae01.alicdn.com/kf/S70d9abfccb034b66a6418adbb6cce3aeK/Chatreey-AMD-Ryzen-R5-5600U-Mini-PC-with-Radeon-Graphics-4K-UHD-Nvme-SSD-Desktop-Gaming.jpg_220x220xz.jpg,//ae01.alicdn.com/kf/S70d9abfccb034b66a6418adbb6cce3aeK/Chatreey-AMD-Ryzen-R5-5600U-Mini-PC-with-Radeon-Graphics-4K-UHD-Nvme-SSD-Desktop-Gaming.jpg_220x220xz.jpg,5205.94,Chatreey – Mini PC de jeux AMD Ryzen R5 5600U. ordinateur de bureau avec carte graphique Radeon. 4K UHD. Nvme SSD,forniture
https://ae01.alicdn.com/kf/Sf070c148c870430ca2ef5141825a49e8Q/33PCS-Gel-Pen-Set-School-supplies-Black-Blue-Red-ink-Color-0-5mm-Ballpoint-pen-Students.png_220x220xz.png,//ae01.alicdn.com/kf/Sf070c148c870430ca2ef5141825a49e8Q/33PCS-Gel-Pen-Set-School-supplies-Black-Blue-Red-ink-Color-0-5mm-Ballpoint-pen-Students.png_220x220xz.png,16.72,Ensemble de stylos à bille pour Gel. 33 pièces. fournitures scolaires. de bureau. scolaires. de couleur noire. bleue et rouge. 0.5mm,forniture
https://ae01.alicdn.com/kf/Hef964e39da52414db2e4db3400066352y/Modern-LED-Night-Light-Quantum-Lamp-Modular-Sensitive-RGB-Colors-Touch-Helios-Lighting-Home-Decoration-Bedside.jpg_220x220xz.jpg,//ae01.alicdn.com/kf/Hef964e39da52414db2e4db3400066352y/Modern-LED-Night-Light-Quantum-Lamp-Modular-Sensitive-RGB-Colors-Touch-Helios-Lighting-Home-Decoration-Bedside.jpg_220x220xz.jpg,1599.99,Veilleuses tactiles tactiles tactiles tactiles tactiles. lampes aimantées modulaires. style quantique. rvb. décoration d'intérieur. lampes de chevet,forniture
https://ae01.alicdn.com/kf/Sf000f8fdc080472eb34f1fc788e15ab23/Ramadan-Moon-Star-Led-String-Lights-EID-Mubarak-Decor-Per-La-Casa-Islam-Musulmano-Evento-Forniture.jpg_220x220xz.jpg,//ae01.alicdn.com/kf/Sf000f8fdc080472eb34f1fc788e15ab23/Ramadan-Moon-Star-Led-String-Lights-EID-Mubarak-Decor-Per-La-Casa-Islam-Musulmano-Evento-Forniture.jpg_220x220xz.jpg,49.51,Guirlande lumineuse Led Ramadan. lune. étoile. décor EID Mubarak pour La maison musulmane islamique. fourniture pour fête Eid al-fitr,forniture
https://ae01.alicdn.com/kf/HTB1yOyJfC_I8KJjy0Foq6yFnVXar/Animals-Stamp-Children-Diy-Handmade-Scrapbook-Photo-Album-Students-Stamps-Diary-Decor-Forniture-Teacher-Seal-Kids.jpg_220x220xz.jpg,//ae01.alicdn.com/kf/HTB1yOyJfC_I8KJjy0Foq6yFnVXar/Animals-Stamp-Children-Diy-Handmade-Scrapbook-Photo-Album-Students-Stamps-Diary-Decor-Forniture-Teacher-Seal-Kids.jpg_220x220xz.jpg,35.59,Timbres d'animaux pour enfants. Diy bricolage. Scrapbook. Album Photo. pour étudiants. décor pour journal intime. sceau pour enseignant. jouet. cadeau,forniture
https://ae01.alicdn.com/kf/Sc1878fcf7e754f0e8c132613da864781E/2021-Pet-Hair-Remover-Brush-Dog-Cat-Hair-Remover-Efficient-Pet-Hair-Detailer-For-Cars-forniture.jpg_220x220xz.jpg,//ae01.alicdn.com/kf/Sc1878fcf7e754f0e8c132613da864781E/2021-Pet-Hair-Remover-Brush-Dog-Cat-Hair-Remover-Efficient-Pet-Hair-Detailer-For-Cars-forniture.jpg_220x220xz.jpg,21.67,2021 Brosse à Épiler pour animaux Chien Chat Épilation Pour Animaux De Compagnie Efficace Cheveux Detailer Pour Voitures meubles Tapis Pour Animaux De Compagnie Lits Chaises,forniture
https://ae01.alicdn.com/kf/S92d4a97b129148f4a93ef35cfda3886aq/2021-Pet-Hair-Remover-Brush-Dog-Cat-Hair-Remover-Efficient-Pet-Hair-Detailer-For-Cars-forniture.jpg_220x220xz.jpg,//ae01.alicdn.com/kf/S92d4a97b129148f4a93ef35cfda3886aq/2021-Pet-Hair-Remover-Brush-Dog-Cat-Hair-Remover-Efficient-Pet-Hair-Detailer-For-Cars-forniture.jpg_220x220xz.jpg,21.67,2021 Brosse à Épiler pour animaux Chien Chat Épilation Pour Animaux De Compagnie Efficace Cheveux Detailer Pour Voitures meubles Tapis Pour Animaux De Compagnie Lits Chaises,forniture
https://ae01.alicdn.com/kf/H4c8633b4cd6642fe93755dd31ea4d09db/20-Pcs-Cute-Smiling-Face-Stamp-Diy-Handmade-Scrapbook-Photo-Album-Decorazioni-Forniture-Teacher-Kids-Students.jpg_220x220xz.jpg,//ae01.alicdn.com/kf/H4c8633b4cd6642fe93755dd31ea4d09db/20-Pcs-Cute-Smiling-Face-Stamp-Diy-Handmade-Scrapbook-Photo-Album-Decorazioni-Forniture-Teacher-Kids-Students.jpg_220x220xz.jpg,60.54,Timbre mignon avec le visage souriant. 20 pièces bricolage Diy. fait à la main. pour Album Photo. Scrapbook. décorations. pour enseignant. enfants. jouets. cadeaux,forniture
https://ae01.alicdn.com/kf/H0b09574a9e4945c9aced943a541202336/Forniture-for-Doll-Cabinet-Wash-Basin-Bread-Maker-Bakeware-Kitchen-Set-Dollhouse-Miniatures-Accessories-Mini-Items.jpg_220x220xz.jpg,//ae01.alicdn.com/kf/H0b09574a9e4945c9aced943a541202336/Forniture-for-Doll-Cabinet-Wash-Basin-Bread-Maker-Bakeware-Kitchen-Set-Dollhouse-Miniatures-Accessories-Mini-Items.jpg_220x220xz.jpg,147.43,Fournitures pour armoire de poupée. lavabo. machine à pain. ustensiles de cuisson. ensemble de cuisine. maison de poupée. accessoires Miniatures. Mini articles jouets,forniture
https://ae01.alicdn.com/kf/H3b2ed288f9694e49ad99b0c9601ecaffD/80x80x76-Square-Dining-Table-Dark-Brown-Modern-Simple-Quality-Bamboo-Desk-Small-Apartment-Home-Forniture-Optional.jpg_220x220xz.jpg,//ae01.alicdn.com/kf/H3b2ed288f9694e49ad99b0c9601ecaffD/80x80x76-Square-Dining-Table-Dark-Brown-Modern-Simple-Quality-Bamboo-Desk-Small-Apartment-Home-Forniture-Optional.jpg_220x220xz.jpg,1278.68,Table à manger carrée en bambou. 80x80x76. marron foncé. moderne. Simple. bureau. petit appartement. maison. chaise mesurable en option,forniture
https://ae01.alicdn.com/kf/Se98305704d0e475dbbe2c1df76225812N/Nordic-Ultra-thin-17-24cm-Wood-Shoes-Cabinet-Entrance-Tipping-Bucket-Practical-Multifunctional-Cabinet-Shoe-Rack.jpg_220x220xz.jpg,//ae01.alicdn.com/kf/Se98305704d0e475dbbe2c1df76225812N/Nordic-Ultra-thin-17-24cm-Wood-Shoes-Cabinet-Entrance-Tipping-Bucket-Practical-Multifunctional-Cabinet-Shoe-Rack.jpg_220x220xz.jpg,4498.63,Armoire à chaussures en bois Ultra-mince de style nordique 17/24cm. seau à bascule d'entrée. armoire multifonctionnelle pratique. étagère à chaussures,forniture
https://ae01.alicdn.com/kf/Hadd20a513a4c4d3d9b0492d8b014d5b5n/Minimalist-Modern-Shoe-Cabinet-Shoe-Shelf-Household-Wood-Storage-Dustproof-Multifunctional-Practical-Shoe-Rack-Cabinet-Forniture.jpg_220x220xz.jpg,//ae01.alicdn.com/kf/Hadd20a513a4c4d3d9b0492d8b014d5b5n/Minimalist-Modern-Shoe-Cabinet-Shoe-Shelf-Household-Wood-Storage-Dustproof-Multifunctional-Practical-Shoe-Rack-Cabinet-Forniture.jpg_220x220xz.jpg,2462.01,Armoire à chaussures minimaliste et moderne. meuble de rangement en bois. anti-poussière. multifonctionnel. pratique,forniture
https://ae01.alicdn.com/kf/Sa2a32617ad9640ab88a902b7e3d99218N/80x80x76-Square-Dining-Table-Dark-Brown-Modern-Simple-Quality-Bamboo-Desk-Small-Apartment-Home-Forniture-Optional.jpg_220x220xz.jpg,//ae01.alicdn.com/kf/Sa2a32617ad9640ab88a902b7e3d99218N/80x80x76-Square-Dining-Table-Dark-Brown-Modern-Simple-Quality-Bamboo-Desk-Small-Apartment-Home-Forniture-Optional.jpg_220x220xz.jpg,1278.68,Table à manger carrée en bambou. 80x80x76. marron foncé. moderne. Simple. bureau. petit appartement. maison. chaise mesurable en option,forniture
https://ae01.alicdn.com/kf/Sa1f3188a537649bbbcd2b334423e0a8ce/Nordic-Design-Creative-Stool-Lether-Forniture-Home-Decor-Sherpa-Chair-Bedroom-Living-Room-Step-Stool-Shoes.jpg_220x220xz.jpg,//ae01.alicdn.com/kf/Sa1f3188a537649bbbcd2b334423e0a8ce/Nordic-Design-Creative-Stool-Lether-Forniture-Home-Decor-Sherpa-Chair-Bedroom-Living-Room-Step-Stool-Shoes.jpg_220x220xz.jpg,1519.67,Tabouret créatif en cuir au Design nordique. décoration de maison. chaise Sherpa. chambre à coucher. salon. banc de changement de chaussures,forniture
https://ae01.alicdn.com/kf/H51875a54f7824c16be7cc5c9bec2c40e3/3-pz-lotto-Mitsubishi-Uni-UB-205-Penne-Gel-0-5-millimetri-di-Cancelleria-Per-Ufficio.jpg_220x220xz.jpg,//ae01.alicdn.com/kf/H51875a54f7824c16be7cc5c9bec2c40e3/3-pz-lotto-Mitsubishi-Uni-UB-205-Penne-Gel-0-5-millimetri-di-Cancelleria-Per-Ufficio.jpg_220x220xz.jpg,114.63,Mitsubishi – stylo Gel Uni UB-205 0.5mm. 3 pièces/lot. accessoires de bureau. fournitures scolaires,forniture
https://ae01.alicdn.com/kf/S869d79b8070a474d8b6c0d633eb85f7fS/Ramadan-Moon-Star-Led-String-Lights-EID-Mubarak-Decor-Per-La-Casa-Islam-Musulmano-Evento-Forniture.jpg_220x220xz.jpg,//ae01.alicdn.com/kf/S869d79b8070a474d8b6c0d633eb85f7fS/Ramadan-Moon-Star-Led-String-Lights-EID-Mubarak-Decor-Per-La-Casa-Islam-Musulmano-Evento-Forniture.jpg_220x220xz.jpg,49.51,Guirlande lumineuse Led Ramadan. lune. étoile. décor EID Mubarak pour La maison musulmane islamique. fourniture pour fête Eid al-fitr,forniture
https://ae01.alicdn.com/kf/S84935587816a45d0be35f6828a8ed349W/Ramadan-Moon-Star-Led-String-Lights-EID-Mubarak-Decor-Per-La-Casa-Islam-Musulmano-Evento-Forniture.jpg_220x220xz.jpg,//ae01.alicdn.com/kf/S84935587816a45d0be35f6828a8ed349W/Ramadan-Moon-Star-Led-String-Lights-EID-Mubarak-Decor-Per-La-Casa-Islam-Musulmano-Evento-Forniture.jpg_220x220xz.jpg,49.51,Guirlande lumineuse Led Ramadan. lune. étoile. décor EID Mubarak pour La maison musulmane islamique. fourniture pour fête Eid al-fitr,forniture
https://ae01.alicdn.com/kf/S77cf8316b75c4d8884e969a7be6ce626g/Ramadan-Moon-Star-Led-String-Lights-EID-Mubarak-Decor-Per-La-Casa-Islam-Musulmano-Evento-Forniture.jpg_220x220xz.jpg,//ae01.alicdn.com/kf/S77cf8316b75c4d8884e969a7be6ce626g/Ramadan-Moon-Star-Led-String-Lights-EID-Mubarak-Decor-Per-La-Casa-Islam-Musulmano-Evento-Forniture.jpg_220x220xz.jpg,48.71,Guirlande lumineuse Led Ramadan. lune. étoile. décor EID Mubarak pour La maison musulmane islamique. fourniture pour fête Eid al-fitr,forniture
https://ae01.alicdn.com/kf/Hc60ebebc1eb04151ab35c848d1163ce58/Fully-Enclosed-Cat-Litter-Box-Super-Large-Anti-splash-Toilet-Training-Plastic-Pet-Products-Cat-Toilet.jpg_220x220xz.jpg,//ae01.alicdn.com/kf/Hc60ebebc1eb04151ab35c848d1163ce58/Fully-Enclosed-Cat-Litter-Box-Super-Large-Anti-splash-Toilet-Training-Plastic-Pet-Products-Cat-Toilet.jpg_220x220xz.jpg,1233.44,Litière Super Large entièrement fermée pour chat. Anti-projection. toilettes d'entraînement. en plastique. produits pour animaux de compagnie. déodorant. fourniture Gatto,forniture
https://ae01.alicdn.com/kf/S1b20617e466940179b99c19644bc5d8ez/Ramadan-Moon-Star-Led-String-Lights-EID-Mubarak-Decor-Per-La-Casa-Islam-Musulmano-Evento-Forniture.jpg_220x220xz.jpg,//ae01.alicdn.com/kf/S1b20617e466940179b99c19644bc5d8ez/Ramadan-Moon-Star-Led-String-Lights-EID-Mubarak-Decor-Per-La-Casa-Islam-Musulmano-Evento-Forniture.jpg_220x220xz.jpg,49.51,Guirlande lumineuse Led Ramadan. lune. étoile. décor EID Mubarak pour La maison musulmane islamique. fourniture pour fête Eid al-fitr,forniture
https://ae01.alicdn.com/kf/S2e610d3ccc2d4c76be85478a3e5ca005Q/Ramadan-Moon-Star-Led-String-Lights-EID-Mubarak-Decor-Per-La-Casa-Islam-Musulmano-Evento-Forniture.jpg_220x220xz.jpg,//ae01.alicdn.com/kf/S2e610d3ccc2d4c76be85478a3e5ca005Q/Ramadan-Moon-Star-Led-String-Lights-EID-Mubarak-Decor-Per-La-Casa-Islam-Musulmano-Evento-Forniture.jpg_220x220xz.jpg,49.51,Guirlande lumineuse Led Ramadan. lune. étoile. décor EID Mubarak pour La maison musulmane islamique. fourniture pour fête Eid al-fitr,forniture
https://ae01.alicdn.com/kf/S1a6845efd5be4cd98631007fddbed88bZ/Ramadan-Moon-Star-Led-String-Lights-EID-Mubarak-Decor-Per-La-Casa-Islam-Musulmano-Evento-Forniture.jpg_220x220xz.jpg,//ae01.alicdn.com/kf/S1a6845efd5be4cd98631007fddbed88bZ/Ramadan-Moon-Star-Led-String-Lights-EID-Mubarak-Decor-Per-La-Casa-Islam-Musulmano-Evento-Forniture.jpg_220x220xz.jpg,49.51,Guirlande lumineuse Led Ramadan. lune. étoile. décor EID Mubarak pour La maison musulmane islamique. fourniture pour fête Eid al-fitr,forniture
https://ae01.alicdn.com/kf/S817db8edea6d44b3902becb88f01c51ds/Ramadan-Moon-Star-Led-String-Lights-EID-Mubarak-Decor-Per-La-Casa-Islam-Musulmano-Evento-Forniture.jpg_220x220xz.jpg,//ae01.alicdn.com/kf/S817db8edea6d44b3902becb88f01c51ds/Ramadan-Moon-Star-Led-String-Lights-EID-Mubarak-Decor-Per-La-Casa-Islam-Musulmano-Evento-Forniture.jpg_220x220xz.jpg,49.51,Guirlande lumineuse Led Ramadan. lune. étoile. décor EID Mubarak pour La maison musulmane islamique. fourniture pour fête Eid al-fitr,forniture
https://ae01.alicdn.com/kf/S7438f5c6e4cd4ab2b21759f4e33acd6a2/Fully-Enclosed-Cat-Litter-Box-Super-Large-Anti-splash-Cat-Litter-Box-Cabinet-Drawer-Toilet-Training.jpg_220x220xz.jpg,//ae01.alicdn.com/kf/S7438f5c6e4cd4ab2b21759f4e33acd6a2/Fully-Enclosed-Cat-Litter-Box-Super-Large-Anti-splash-Cat-Litter-Box-Cabinet-Drawer-Toilet-Training.jpg_220x220xz.jpg,1356.12,Boîte à litière pour chat. entièrement fermée. Super grande. anti-éclaboussures. armoire à tiroirs. toilettes d'entraînement. produits pour animaux de compagnie,forniture
https://ae01.alicdn.com/kf/S23a53ca126f04cd3a32065805044c5457/Ramadan-Moon-Star-Led-String-Lights-EID-Mubarak-Decor-Per-La-Casa-Islam-Musulmano-Evento-Forniture.jpg_220x220xz.jpg,//ae01.alicdn.com/kf/S23a53ca126f04cd3a32065805044c5457/Ramadan-Moon-Star-Led-String-Lights-EID-Mubarak-Decor-Per-La-Casa-Islam-Musulmano-Evento-Forniture.jpg_220x220xz.jpg,49.51,Guirlande lumineuse Led Ramadan. lune. étoile. décor EID Mubarak pour La maison musulmane islamique. fourniture pour fête Eid al-fitr,forniture
https://ae01.alicdn.com/kf/H3fbeadcef93048aebc022f58082ee347x/Pet-Hair-Roller-Remover-Dog-Cat-Hair-Cleaning-Brush-Removing-Dogs-Cats-Fur-from-Carpets-Cloth.jpg_220x220xz.jpg,//ae01.alicdn.com/kf/H3fbeadcef93048aebc022f58082ee347x/Pet-Hair-Roller-Remover-Dog-Cat-Hair-Cleaning-Brush-Removing-Dogs-Cats-Fur-from-Carpets-Cloth.jpg_220x220xz.jpg,67.2,Rouleau de nettoyage des poils d'animaux. brosse de nettoyage des poils de chiens et de chats. enlève la fourrure des tapis en tissu,forniture
https://ae01.alicdn.com/kf/U8ba3bc1d2d484f1f8c89016d510406f1y/Mini-House-DIY-Kitchen-18pcs-Set-Stove-Wash-Basin-Cookware-Kettle-Plate-Tools-Trash-Can-Miniature.jpg_220x220xz.jpg,//ae01.alicdn.com/kf/U8ba3bc1d2d484f1f8c89016d510406f1y/Mini-House-DIY-Kitchen-18pcs-Set-Stove-Wash-Basin-Cookware-Kettle-Plate-Tools-Trash-Can-Miniature.jpg_220x220xz.jpg,134.91,Mini maison bricolage cuisine 18 pièces. ensemble de poêle lavabo ustensiles de cuisine bouilloire outils de plaque. poubelle Miniature maison de poupée Simulation fourniture,forniture
https://ae01.alicdn.com/kf/H56c75096bdb44878b4c5cc7800b5fb49r/10Pieces-Diamond-Shape-Crystal-Glass-Forniture-Pull-Handles-Cabinet-Drawer-Closet-Knobs-Hardware.jpg_220x220xz.jpg,//ae01.alicdn.com/kf/H56c75096bdb44878b4c5cc7800b5fb49r/10Pieces-Diamond-Shape-Crystal-Glass-Forniture-Pull-Handles-Cabinet-Drawer-Closet-Knobs-Hardware.jpg_220x220xz.jpg,37.88,Poignées de placard en verre cristal en forme de diamant. 10 pièces,forniture
https://ae01.alicdn.com/kf/H2ce6879855764532a0d67c5d017215ebj/kid-s-gift-household-solid-wood-chairs-stool-living-room-creative-nordic-furniture-forniture-bench-Minimalist.jpg_220x220xz.jpg,//ae01.alicdn.com/kf/H2ce6879855764532a0d67c5d017215ebj/kid-s-gift-household-solid-wood-chairs-stool-living-room-creative-nordic-furniture-forniture-bench-Minimalist.jpg_220x220xz.jpg,358.89,Chaises de maison en bois massif pour enfants. tabouret de salon. mobilier nordique créatif. banc. fourniture minimaliste moderne,forniture
https://ae01.alicdn.com/kf/H499e7722ee164a68960aaecddffc1b57R/80x80x76-Square-Dining-Table-Dark-Brown-Modern-Simple-Quality-Bamboo-Desk-Small-Apartment-Home-Forniture-Optional.jpg_220x220xz.jpg,//ae01.alicdn.com/kf/H499e7722ee164a68960aaecddffc1b57R/80x80x76-Square-Dining-Table-Dark-Brown-Modern-Simple-Quality-Bamboo-Desk-Small-Apartment-Home-Forniture-Optional.jpg_220x220xz.jpg,1278.68,Table à manger carrée en bambou. 80x80x76. marron foncé. moderne. Simple. bureau. petit appartement. maison. chaise mesurable en option,forniture
https://ae01.alicdn.com/kf/HTB1THh0SpXXXXc_aXXXq6xXFXXXu/Simpatico-Gufo-Segnalibri-Blocchetto-Per-Appunti-Bookmark-Memo-Cancelleria-Libro-Tags-Studente-Forniture.jpg_220x220xz.jpg,//ae01.alicdn.com/kf/HTB1THh0SpXXXXc_aXXXq6xXFXXXu/Simpatico-Gufo-Segnalibri-Blocchetto-Per-Appunti-Bookmark-Memo-Cancelleria-Libro-Tags-Studente-Forniture.jpg_220x220xz.jpg,38.57,Marque-page pour étudiant,forniture
https://ae01.alicdn.com/kf/Sc1dd2887915c4f69baec922ea2e158b2j/Ramadan-Moon-Star-Led-String-Lights-EID-Mubarak-Decor-Per-La-Casa-Islam-Musulmano-Evento-Forniture.jpg_220x220xz.jpg,//ae01.alicdn.com/kf/Sc1dd2887915c4f69baec922ea2e158b2j/Ramadan-Moon-Star-Led-String-Lights-EID-Mubarak-Decor-Per-La-Casa-Islam-Musulmano-Evento-Forniture.jpg_220x220xz.jpg,49.51,Guirlande lumineuse Led Ramadan. lune. étoile. décor EID Mubarak pour La maison musulmane islamique. fourniture pour fête Eid al-fitr,forniture
https://ae01.alicdn.com/kf/H184300d00d464a5bab73893122c540a0n/80x80x76-Square-Dining-Table-Dark-Brown-Modern-Simple-Quality-Bamboo-Desk-Small-Apartment-Home-Forniture-Optional.jpg_220x220xz.jpg,//ae01.alicdn.com/kf/H184300d00d464a5bab73893122c540a0n/80x80x76-Square-Dining-Table-Dark-Brown-Modern-Simple-Quality-Bamboo-Desk-Small-Apartment-Home-Forniture-Optional.jpg_220x220xz.jpg,1278.68,Table à manger carrée en bambou. 80x80x76. marron foncé. moderne. Simple. bureau. petit appartement. maison. chaise mesurable en option,forniture
https://ae01.alicdn.com/kf/Hd896830f75db4ed885a570827e178ba54/80x80x76-Square-Dining-Table-Dark-Brown-Modern-Simple-Quality-Bamboo-Desk-Small-Apartment-Home-Forniture-Optional.jpg_220x220xz.jpg,//ae01.alicdn.com/kf/Hd896830f75db4ed885a570827e178ba54/80x80x76-Square-Dining-Table-Dark-Brown-Modern-Simple-Quality-Bamboo-Desk-Small-Apartment-Home-Forniture-Optional.jpg_220x220xz.jpg,1278.68,Table à manger carrée en bambou. 80x80x76. marron foncé. moderne. Simple. bureau. petit appartement. maison. chaise mesurable en option,forniture
https://ae01.alicdn.com/kf/H5462bd1c57564ce2a71033bbfbb4b01cX/200-600Pcs-4-10mm-Aperto-Anelli-di-Salto-Gioielli-DIY-Fanno-Gli-Accessori-Split-Rings-Connettori.jpg_220x220xz.jpg,//ae01.alicdn.com/kf/H5462bd1c57564ce2a71033bbfbb4b01cX/200-600Pcs-4-10mm-Aperto-Anelli-di-Salto-Gioielli-DIY-Fanno-Gli-Accessori-Split-Rings-Connettori.jpg_220x220xz.jpg,10.84,Anneaux ouverts de 4 à 10mm pour fabrication de bijoux. 200 à 600 pièces,forniture
https://ae01.alicdn.com/kf/Sfe3c36e51bbb41acb2475f96ca9485c5P/Pet-Hair-Remover-Roller-2-Way-Removing-Dog-Cat-Hair-From-Forniture-Self-cleaning-Lint-Pet.jpg_220x220xz.jpg,//ae01.alicdn.com/kf/Sfe3c36e51bbb41acb2475f96ca9485c5P/Pet-Hair-Remover-Roller-2-Way-Removing-Dog-Cat-Hair-From-Forniture-Self-cleaning-Lint-Pet.jpg_220x220xz.jpg,84.8,articles pour animaux de compagnie brosse poil animaux  outils de nettoyage Rouleau d'épilation des poils d'animaux. 2 voies. pour retirer les poils de chien et de chat. auto-nettoyage. pelucheux. une seule main,forniture
https://ae01.alicdn.com/kf/S3257ea83d35345b8bd12b8b24cf87535Z/Magnet-Door-Stops-Magnetic-Door-Stopper-Non-punch-Six-Colors-Available-Door-Holder-Hidden-Doorstop-forniture.jpg_220x220xz.jpg,//ae01.alicdn.com/kf/S3257ea83d35345b8bd12b8b24cf87535Z/Magnet-Door-Stops-Magnetic-Door-Stopper-Non-punch-Six-Colors-Available-Door-Holder-Hidden-Doorstop-forniture.jpg_220x220xz.jpg,42.55,Butoir de porte magnétique sans poinçon. disponible en Six couleurs. support de porte caché. quincaillerie de porte,forniture
https://ae01.alicdn.com/kf/S4d8707bf386446a4be6bb99cee0780ccl/Pet-Hair-Remover-Roller-2-Way-Removing-Dog-Cat-Hair-From-forniture-Self-cleaning-Lint-Pet.jpg_220x220xz.jpg,//ae01.alicdn.com/kf/S4d8707bf386446a4be6bb99cee0780ccl/Pet-Hair-Remover-Roller-2-Way-Removing-Dog-Cat-Hair-From-forniture-Self-cleaning-Lint-Pet.jpg_220x220xz.jpg,124.37,Rouleau d'épilation des poils d'animaux de compagnie. 2 voies. auto-nettoyage des poils de chien et de chat. fonctionne avec une seule main,forniture
https://ae01.alicdn.com/kf/S2602ad907a214738847c6bd3b3657c6bU/Strumenti-per-Organizer-accessori-da-cucina-cartone-animato-spugna-straccio-portaoggetti-decorazione-della-casa-per-forniture.jpg_220x220xz.jpg,//ae01.alicdn.com/kf/S2602ad907a214738847c6bd3b3657c6bU/Strumenti-per-Organizer-accessori-da-cucina-cartone-animato-spugna-straccio-portaoggetti-decorazione-della-casa-per-forniture.jpg_220x220xz.jpg,15.81,Accessoires de cuisine en carton. outils d'organisation. éponge en forme de dessin animé. décoration de la maison. fournitures,forniture
https://ae01.alicdn.com/kf/S0fb392d088884b2ea343349830c398fbi/Pet-Hair-Remover-Roller-2-Way-Removing-Dog-Cat-Hair-From-forniture-Self-cleaning-Lint-Pet.png_220x220xz.png,//ae01.alicdn.com/kf/S0fb392d088884b2ea343349830c398fbi/Pet-Hair-Remover-Roller-2-Way-Removing-Dog-Cat-Hair-From-forniture-Self-cleaning-Lint-Pet.png_220x220xz.png,82.71,Rouleau d'épilation des poils d'animaux. 2 voies. pour retirer les poils de chien et de chat. auto-nettoyage. pelucheux. une seule main,forniture
https://ae01.alicdn.com/kf/Sf5f221b5f706482284ec2611d4be83bcA/Home-door-soft-bag-changing-shoe-stool-cushion-shoe-cabinet-seat-one-in-one-door-can.jpg_220x220xz.jpg,//ae01.alicdn.com/kf/Sf5f221b5f706482284ec2611d4be83bcA/Home-door-soft-bag-changing-shoe-stool-cushion-shoe-cabinet-seat-one-in-one-door-can.jpg_220x220xz.jpg,1579.11,Porte de la maison sac souple à langer tabouret à chaussures coussin siège d'armoire à chaussures porte une-en-une peut s'asseoir type tabouret à langer,forniture
https://ae01.alicdn.com/kf/S0b9b34e9a615431fb38d4e5758ef071ar/Pet-Hair-Remover-Roller-2-Way-Removing-Dog-Cat-Hair-From-forniture-Self-cleaning-Lint-Pet.jpg_220x220xz.jpg,//ae01.alicdn.com/kf/S0b9b34e9a615431fb38d4e5758ef071ar/Pet-Hair-Remover-Roller-2-Way-Removing-Dog-Cat-Hair-From-forniture-Self-cleaning-Lint-Pet.jpg_220x220xz.jpg,57.86,Rouleau d'épilation des poils d'animaux. 2 voies. pour retirer les poils de chien et de chat. auto-nettoyage. pelucheux. une seule main,forniture
https://ae01.alicdn.com/kf/Saab942c842804297b8f79411154f7b3cG/Pet-Hair-Remover-Roller-2-Way-Removing-Dog-Cat-Hair-From-forniture-Self-cleaning-Lint-Pet.jpg_220x220xz.jpg,//ae01.alicdn.com/kf/Saab942c842804297b8f79411154f7b3cG/Pet-Hair-Remover-Roller-2-Way-Removing-Dog-Cat-Hair-From-forniture-Self-cleaning-Lint-Pet.jpg_220x220xz.jpg,82.91,Rouleau d'épilation des poils d'animaux. 2 voies. pour retirer les poils de chien et de chat. auto-nettoyage. pelucheux. une seule main,forniture
https://ae01.alicdn.com/kf/Sd170a4278543446388e052f45b358df8V/Pet-Hair-Remover-Roller-2-Way-Removing-Dog-Cat-Hair-From-forniture-Self-cleaning-Lint-Pet.jpg_220x220xz.jpg,//ae01.alicdn.com/kf/Sd170a4278543446388e052f45b358df8V/Pet-Hair-Remover-Roller-2-Way-Removing-Dog-Cat-Hair-From-forniture-Self-cleaning-Lint-Pet.jpg_220x220xz.jpg,56.17,Rouleau d'épilation des poils d'animaux. 2 voies. pour retirer les poils de chien et de chat. auto-nettoyage. pelucheux. une seule main,forniture
https://ae01.alicdn.com/kf/S4615753f9f824403a137a96d5d42440cA/Pet-Hair-Remover-Roller-2-Way-Removing-Dog-Cat-Hair-From-forniture-Self-cleaning-Lint-Pet.jpg_220x220xz.jpg,//ae01.alicdn.com/kf/S4615753f9f824403a137a96d5d42440cA/Pet-Hair-Remover-Roller-2-Way-Removing-Dog-Cat-Hair-From-forniture-Self-cleaning-Lint-Pet.jpg_220x220xz.jpg,66.91,Rouleau d'épilation des poils d'animaux. 2 voies. pour retirer les poils de chien et de chat. auto-nettoyage. pelucheux. une seule main,forniture
https://ae01.alicdn.com/kf/Sed48281627474346b79ccebd3c08d621P/Pet-Hair-Remover-Roller-2-Way-Removing-Dog-Cat-Hair-From-forniture-Self-cleaning-Lint-Pet.jpg_220x220xz.jpg,//ae01.alicdn.com/kf/Sed48281627474346b79ccebd3c08d621P/Pet-Hair-Remover-Roller-2-Way-Removing-Dog-Cat-Hair-From-forniture-Self-cleaning-Lint-Pet.jpg_220x220xz.jpg,70.39,Rouleau d'épilation des poils d'animaux. 2 voies. pour retirer les poils de chien et de chat. auto-nettoyage. pelucheux. une seule main,forniture
https://ae01.alicdn.com/kf/Sc83e2ec9b0b049fd8aed5672ee2505cbV/Detachable-Cleaning-Duster-Gap-Cleaning-Brush-Non-woven-Dust-Cleaner-for-Sofa-Bed-forniture-Bottom-Household.jpg_220x220xz.jpg,//ae01.alicdn.com/kf/Sc83e2ec9b0b049fd8aed5672ee2505cbV/Detachable-Cleaning-Duster-Gap-Cleaning-Brush-Non-woven-Dust-Cleaner-for-Sofa-Bed-forniture-Bottom-Household.jpg_220x220xz.jpg,35.69,Plumeau de nettoyage amovible. brosse de nettoyage des espaces Non tissés. nettoyeur de poussière pour canapé-lit. outil ménager de fond,forniture
https://ae01.alicdn.com/kf/S5537d74767154c6289c448d592b92f3cP/Pet-Hair-Remover-Roller-2-Way-Removing-Dog-Cat-Hair-From-forniture-Self-cleaning-Lint-Pet.jpg_220x220xz.jpg,//ae01.alicdn.com/kf/S5537d74767154c6289c448d592b92f3cP/Pet-Hair-Remover-Roller-2-Way-Removing-Dog-Cat-Hair-From-forniture-Self-cleaning-Lint-Pet.jpg_220x220xz.jpg,85.1,Rouleau d'épilation des poils d'animaux. 2 voies. pour retirer les poils de chien et de chat. auto-nettoyage. pelucheux. une seule main,forniture
https://ae01.alicdn.com/kf/S4c1893fcf58d4140b5211c8907b50d563/SHACK-rotary-lock-vent-hole-staffa-magnetica-per-auto-forniture-per-auto-supporto-per-telefono-cellulare.jpg_220x220xz.jpg,//ae01.alicdn.com/kf/S4c1893fcf58d4140b5211c8907b50d563/SHACK-rotary-lock-vent-hole-staffa-magnetica-per-auto-forniture-per-auto-supporto-per-telefono-cellulare.jpg_220x220xz.jpg,153.4,SHACK – trou de ventilation de verrouillage rotatif magnétique. support automatique pour téléphone portable Xiaomi Iphone 7 8 1,forniture
https://ae01.alicdn.com/kf/S6caa0e273f6e43a09c89048ae9f48d65n/Pet-Hair-Remover-Roller-Removing-Dog-Cat-Hair-From-Forniture-Self-cleaning-Lint-Pet-Hair-Remover.jpg_220x220xz.jpg,//ae01.alicdn.com/kf/S6caa0e273f6e43a09c89048ae9f48d65n/Pet-Hair-Remover-Roller-Removing-Dog-Cat-Hair-From-Forniture-Self-cleaning-Lint-Pet-Hair-Remover.jpg_220x220xz.jpg,66.91,Rouleau d'épilation des poils d'animaux domestiques. auto-nettoyage des poils de chien et de chat. fonctionne avec une seule main pour la salle de bain,forniture
https://ae01.alicdn.com/kf/H962569eba1d34318ae28f7b82831ca1cu/Black-Gold-Indoor-Pendant-Lamps-Four-Different-Heads-Hot-Selling-Light-Home-Forniture-Decoration-LED-For.jpg_220x220xz.jpg,//ae01.alicdn.com/kf/H962569eba1d34318ae28f7b82831ca1cu/Black-Gold-Indoor-Pendant-Lamps-Four-Different-Heads-Hot-Selling-Light-Home-Forniture-Decoration-LED-For.jpg_220x220xz.jpg,1297.76,Lampe LED suspendue avec quatre têtes différentes. disponible en noir et en or. luminaire décoratif d'intérieur. idéal pour un salon ou une chambre à coucher. offre spéciale,forniture
https://ae01.alicdn.com/kf/Sa579382eda8e46db9452d5ab4b655bec4/Clothes-Shaver-Fabric-Clothes-Lint-Removers-Removes-Cat-And-Dog-Hair-Pet-Hair-From-forniture-Home.jpg_220x220xz.jpg,//ae01.alicdn.com/kf/Sa579382eda8e46db9452d5ab4b655bec4/Clothes-Shaver-Fabric-Clothes-Lint-Removers-Removes-Cat-And-Dog-Hair-Pet-Hair-From-forniture-Home.jpg_220x220xz.jpg,24.06,Éliminateur de peluches pour vêtements. rasoir pour tissus. élimine les poils d'animaux de chat et de chien. nettoyage à domicile. Machine à découper,forniture
https://ae01.alicdn.com/kf/Sccc4f4388f384ca59339dd2c2649af15o/Clothes-Shaver-Fabric-Clothes-Lint-Removers-Removes-Cat-And-Dog-Hair-Pet-Hair-From-forniture-Home.jpg_220x220xz.jpg,//ae01.alicdn.com/kf/Sccc4f4388f384ca59339dd2c2649af15o/Clothes-Shaver-Fabric-Clothes-Lint-Removers-Removes-Cat-And-Dog-Hair-Pet-Hair-From-forniture-Home.jpg_220x220xz.jpg,25.15,Éliminateur de peluches pour vêtements. rasoir pour tissus. élimine les poils d'animaux de chat et de chien. nettoyage à domicile. Machine à découper,forniture
https://ae01.alicdn.com/kf/H669b6549ea354ebe99b1844cd88e5dc5B/50Pcs-Magic-Sponge-Eraser-Cleaning-Melamine-Multi-functional-Foam-Cleaner-10-6-2cm-2020-Merry-Christmas.jpg_220x220xz.jpg,//ae01.alicdn.com/kf/H669b6549ea354ebe99b1844cd88e5dc5B/50Pcs-Magic-Sponge-Eraser-Cleaning-Melamine-Multi-functional-Foam-Cleaner-10-6-2cm-2020-Merry-Christmas.jpg_220x220xz.jpg,23.66,Mousse magique de nettoyage multifonction en mélamine. 50 pièces. 10x6x2cm. fournitures de joyeux noël. 2020,forniture
https://ae01.alicdn.com/kf/S85f8a0d2c53042faac0e4e5320d09281I/Pet-Hair-Remover-Roller-2-Way-Removing-Dog-Cat-Hair-From-Forniture-Self-cleaning-Lint-Pet.jpg_220x220xz.jpg,//ae01.alicdn.com/kf/S85f8a0d2c53042faac0e4e5320d09281I/Pet-Hair-Remover-Roller-2-Way-Removing-Dog-Cat-Hair-From-Forniture-Self-cleaning-Lint-Pet.jpg_220x220xz.jpg,100.86,Rouleau d'épilation des poils d'animaux. 2 voies. pour retirer les poils de chien et de chat. auto-nettoyage. pelucheux. une seule main,forniture
